RefNbr,EmployeeID,Employees Department,DepartmentID,DocDate,DocDesc,ExpenseDate,CuryUnitCost,TranDesc,IsFraud
1,3797,1,1,2019-08-12 0:00:00,Travel to Bergen,2019-08-12 0:00:00,1250,Hotel bla de bla,0
2,3797,1,1,2019-08-12 0:00:00,"Kurs Stavanger, Trondheim",2019-08-12 0:00:00,2000,Kurs,0
2,3797,1,1,2019-08-12 0:00:00,"Kurs Stavanger, Trondheim",2019-08-12 0:00:00,1500,OSL-Stavanger,0
3,3797,1,1,2019-08-12 0:00:00,Test subaccount,2019-08-12 0:00:00,1500,flight 2,0
3,3797,1,1,2019-08-12 0:00:00,Test subaccount,2019-08-12 0:00:00,1250,flight 1,0
4,3797,1,1,2019-08-12 0:00:00,fwewe,2019-08-12 0:00:00,1000,ewfwefwef,0
5,3797,1,1,2019-08-14 0:00:00,Oles expense,2019-08-14 0:00:00,150,Hotel,0
6,3797,1,5,2019-08-16 0:00:00,Remco test,2019-08-16 0:00:00,1400,hotel,1
7,2468,2,2,2019-08-26 0:00:00,Utlegg,2019-08-26 0:00:00,50,jioj,0
7,2468,2,2,2019-08-26 0:00:00,Utlegg,2019-08-26 0:00:00,944,Fredrikstad,0
8,2468,2,6,2019-08-26 0:00:00,Utlegg,2019-08-26 0:00:00,50,jioj,1
8,2468,2,2,2019-08-26 0:00:00,Utlegg,2019-08-26 0:00:00,944,Fredrikstad,0
9,2468,2,2,2019-08-28 0:00:00,TEST,2019-08-28 0:00:00,100,FSFDA,0
10,2468,2,2,2019-08-28 0:00:00,Reise til Mars,2019-08-28 0:00:00,999,tur på meg,0
11,2468,2,2,2019-08-28 0:00:00,Reise til Bergen,2019-08-28 0:00:00,1000,fin tur,0
12,2468,2,2,2019-08-28 0:00:00,Mat,2019-08-28 0:00:00,100,Ff,0
13,2468,2,2,2019-08-28 0:00:00,Mat møte,2019-08-28 0:00:00,2000,sd,0
14,2468,2,2,2019-08-28 0:00:00,Seminar Son,2019-08-28 0:00:00,2000,fddf,0
15,2468,2,2,2019-08-28 0:00:00,Tur til Tromsø,2019-08-28 0:00:00,2999,Kundemøte,0
16,2468,2,2,2019-08-28 0:00:00,Kundebesøk Reon AS,2019-08-28 0:00:00,2433,Kundebesøk,0
17,3797,1,1,2019-08-29 0:00:00,Mo i rana,2019-08-29 0:00:00,1200,Mo i rana,0
17,3797,1,1,2019-08-29 0:00:00,Mo i rana,2019-08-29 0:00:00,1500,oslo - Mo i rana,0
18,2468,2,2,2019-08-29 0:00:00,Kundebesøk hos Nerligruoppen,2019-08-29 0:00:00,3880,Fly til kunde,0
19,3797,1,1,2019-08-30 0:00:00,Travel Stavanger,2019-08-30 0:00:00,1200,Hotel,0
19,3797,1,7,2019-08-30 0:00:00,Travel Stavanger,2019-08-30 0:00:00,1500,Oslo- Stavanger,1
20,2468,2,2,2019-08-30 0:00:00,Besøke bomstasjoner i Stavanger,2019-08-30 0:00:00,30000,Møte med politikere,0
21,3797,1,7,2019-09-02 0:00:00,interimskonto test,2019-09-02 0:00:00,1200,osl,1
22,3797,1,7,2019-09-05 0:00:00,Reise Trondheim,2019-09-05 0:00:00,1600,Oslo-Trondheim,1
22,3797,1,1,2019-09-05 0:00:00,Reise Trondheim,2019-09-05 0:00:00,1250,Hotel,0
23,3797,1,1,2019-09-06 0:00:00,test valuta,2019-09-06 0:00:00,1012.16,valuta euro,0
24,3797,1,1,2019-11-20 0:00:00,Travel to Helsinki,2019-11-14 0:00:00,1200,Oslo-Helsinki,0
25,3797,1,1,2019-11-27 0:00:00,systemusertest,2019-11-27 0:00:00,100,test,0
26,4320,3,3,2019-12-18 0:00:00,Local travel,2019-12-18 0:00:00,675,Taxi to Holemkollen,0
27,4320,3,3,2019-12-18 0:00:00,Test Claim,2019-12-18 0:00:00,500,Taxi to Holmen,0
28,3797,1,7,2019-12-18 0:00:00,Dinner,2019-12-18 0:00:00,2000,dinner,1
29,4320,3,3,2019-12-18 0:00:00,Submitted Receipt(s),2019-12-18 0:00:00,500,Taxi til  Oslo Airport,0
30,3797,1,7,2019-12-18 0:00:00,ewdfwedfw,2019-12-18 0:00:00,152,reverv,1
30,3797,1,7,2019-12-18 0:00:00,ewdfwedfw,2019-12-18 0:00:00,0,efewfew,1
31,3797,1,1,2019-12-18 0:00:00,test 181219,2019-12-18 0:00:00,1250,hotel,0
32,3797,1,1,2020-02-11 0:00:00,Branches and projects,2020-02-11 0:00:00,1200,Oslo - Copenhagen,0
33,3797,1,1,2020-02-11 0:00:00,qedeqdq,2020-02-11 0:00:00,1250,wfwefewf,0
34,3797,1,1,2020-02-11 0:00:00,Branches and projects,2020-02-11 0:00:00,1300,Olso - helsinki,0
35,3797,1,1,2020-02-21 0:00:00,"New York, New York",2020-02-21 0:00:00,6000,fun!,0
36,4320,3,3,2020-02-26 0:00:00,asdf asdf,2020-02-26 0:00:00,0,asdf asdf,0
36,4320,3,3,2020-02-26 0:00:00,asdf asdf,2020-02-26 0:00:00,0,asdfa sdf asd,0
36,4320,3,3,2020-02-26 0:00:00,asdf asdf,2020-02-26 0:00:00,0,asdf asdfasdf,0
38,3797,1,1,2020-01-15 0:00:00,Dinner with partners NO,2020-01-15 0:00:00,1200,dinner with partners,0
39,3797,1,1,2019-12-18 0:00:00,Travle to Helsinki,2019-12-18 0:00:00,2000,Oslo-Helsinki,0
40,3797,1,2,2019-12-18 0:00:00,Test 191219 3,2019-12-18 0:00:00,500,taxi,1
41,3797,1,1,2020-03-20 0:00:00,sfsafsf,2020-03-18 0:00:00,479,fwfqw,0
42,4320,3,3,2020-03-25 0:00:00,Test 8.20,2020-03-25 0:00:00,100,Dinner,0
43,3797,1,1,2020-03-25 0:00:00,Lisboa conference,2020-03-25 0:00:00,2500,Lisboa conference,0
43,3797,1,1,2020-03-25 0:00:00,Lisboa conference,2020-03-25 0:00:00,4279.94,Hotel,0
44,3797,1,1,2020-01-15 0:00:00,Dinner with partners SE,2020-01-15 0:00:00,1350,dinner with Swedish partners,0
45,3797,1,1,2020-04-03 0:00:00,unlinked expense item abroad,2020-04-03 0:00:00,60,parking,0
46,34072,1,1,2020-05-27 0:00:00,travel,2020-05-27 0:00:00,555,tickets,0
47,3797,1,1,2020-04-03 0:00:00,Unlinked expense item,2020-04-03 0:00:00,50,road toll,0
48,4691,1,1,2020-05-27 0:00:00,trip to Madrid,2020-05-27 0:00:00,10000,ae,0
50,3797,1,1,2020-08-24 0:00:00,Test Subaccount,2020-08-24 0:00:00,1200,OSL-STKL,0
51,4691,1,1,2020-10-15 0:00:00,15102020A,2020-10-15 0:00:00,522,jkiu,0
51,4691,1,1,2020-10-15 0:00:00,15102020A,2020-10-15 0:00:00,542,ad,0
54,3797,1,1,2021-04-14 0:00:00,Toll3,2021-04-14 0:00:00,1200,hotel,0
55,3797,1,1,2021-04-14 0:00:00,toll4,2021-04-14 0:00:00,1300,hotel,0
56,4691,1,1,2021-05-13 0:00:00,13052021B,2021-05-13 0:00:00,2000,meal,0
58,3797,1,1,2021-09-09 0:00:00,efdfdwqef,2021-09-09 0:00:00,600,dinner,0
58,3797,1,2,2021-09-09 0:00:00,efdfdwqef,2021-09-09 0:00:00,1500,hotel,1
59,3797,1,1,2021-04-16 0:00:00,Toll 5,2021-04-16 0:00:00,10,toll5,0
60,3797,1,1,2021-10-15 0:00:00,Submitted Receipt(s),2021-10-15 0:00:00,100,test reversed charge,0
61,3797,1,1,2021-10-15 0:00:00,foreign claim,2021-10-15 0:00:00,150,test omvendt avgiftplikt,0
62,79341,1,1,2021-11-25 0:00:00,travel,2021-11-25 0:00:00,50,travel,0
63,4691,1,1,2022-08-29 0:00:00,29082022A,2022-08-29 0:00:00,100,ff,0
63,4691,1,1,2022-08-29 0:00:00,29082022A,2022-08-29 0:00:00,400,hh,0
64,4691,1,1,2022-09-01 0:00:00,e1,2022-09-01 0:00:00,100,e1,0
65,4691,1,1,2022-09-01 0:00:00,e2,2022-09-01 0:00:00,100,e2,0
66,4691,1,1,2022-09-01 0:00:00,e3,2022-09-01 0:00:00,150,e3,1
67,4691,1,1,2022-09-01 0:00:00,e4,2022-09-01 0:00:00,100,e4,0
68,4691,1,1,2022-09-01 0:00:00,e5,2022-09-01 0:00:00,100,e5,0
69,4691,1,1,2022-09-01 0:00:00,e6,2022-09-01 0:00:00,100,e6,0
70,4691,1,1,2022-09-01 0:00:00,e7,2022-09-01 0:00:00,200,e7,0
71,4691,1,1,2022-09-01 0:00:00,e8,2022-09-01 0:00:00,0,e8,0
72,4691,1,1,2022-09-01 0:00:00,e9,2022-09-01 0:00:00,45,e9,0
73,4691,1,1,2022-09-01 0:00:00,e10,2022-09-01 0:00:00,100,e10,0
74,4691,1,1,2022-09-01 0:00:00,e11,2022-09-01 0:00:00,100,e11,0
75,4691,1,1,2022-09-01 0:00:00,e11,2022-09-01 0:00:00,100,e11,0
76,4691,1,1,2022-09-01 0:00:00,e11,2022-09-01 0:00:00,100,e11,0
77,4691,1,1,2022-09-01 0:00:00,e11,2022-09-01 0:00:00,100,e11,0
78,4691,1,1,2022-09-01 0:00:00,e11,2022-09-01 0:00:00,100,e11,0
79,4691,1,7,2022-09-01 0:00:00,e11,2022-09-01 0:00:00,100,e11,1
80,4691,1,1,2022-09-01 0:00:00,e11,2022-09-01 0:00:00,100,e11,0
81,4691,1,1,2022-09-01 0:00:00,e11,2022-09-01 0:00:00,100,e11,0
82,4691,1,1,2022-09-01 0:00:00,e11,2022-09-01 0:00:00,100,e11,0
83,4691,1,1,2022-09-01 0:00:00,e11,2022-09-01 0:00:00,100,e11,0
84,4691,1,1,2022-09-01 0:00:00,e11,2022-09-01 0:00:00,175,e11,1
85,4691,1,1,2022-09-01 0:00:00,e11,2022-09-01 0:00:00,100,e11,0
86,4691,1,1,2022-09-01 0:00:00,e11,2022-09-01 0:00:00,100,e11,0
87,4691,1,1,2022-09-01 0:00:00,e11,2022-09-01 0:00:00,100,e11,0
88,4691,1,1,2022-09-01 0:00:00,e11,2022-09-01 0:00:00,100,e11,0
89,4691,1,1,2022-09-01 0:00:00,e11,2022-09-01 0:00:00,100,e11,0
90,4691,1,1,2022-09-01 0:00:00,e11,2022-09-01 0:00:00,100,e11,0
91,4691,1,1,2022-09-01 0:00:00,e11,2022-09-01 0:00:00,100,e11,0
92,4691,1,7,2022-09-01 0:00:00,e11,2022-09-01 0:00:00,100,e11,1
93,4691,1,1,2022-09-01 0:00:00,e11,2022-09-01 0:00:00,100,e11,0
94,4691,1,1,2022-09-01 0:00:00,e11,2022-09-01 0:00:00,100,e11,0
95,4691,1,1,2022-09-01 0:00:00,e11,2022-09-01 0:00:00,100,e11,0
96,4691,1,1,2022-09-01 0:00:00,e11,2022-09-01 0:00:00,100,e11,0
97,4691,1,1,2022-09-01 0:00:00,e11,2022-09-01 0:00:00,100,e11,0
98,4691,1,7,2022-09-01 0:00:00,e11,2022-09-01 0:00:00,100,e11,1
99,4691,1,1,2022-09-01 0:00:00,e11,2022-09-01 0:00:00,100,e11,0
100,4691,1,1,2022-09-01 0:00:00,e11,2022-09-01 0:00:00,100,e11,0
101,4691,1,1,2022-09-01 0:00:00,e11,2022-09-01 0:00:00,100,e11,0
102,4691,1,1,2022-09-01 0:00:00,e11,2022-09-01 0:00:00,100,e11,0
103,4691,1,1,2022-09-01 0:00:00,e11,2022-09-01 0:00:00,100,e11,0
104,4691,1,1,2022-09-01 0:00:00,e11,2022-09-01 0:00:00,100,e11,0
105,4691,1,1,2022-10-01 0:00:00,e11,2022-10-01 0:00:00,100,e11,0
106,4691,1,1,2022-09-01 0:00:00,e11,2022-09-01 0:00:00,100,e11,0
107,4691,1,1,2022-09-02 0:00:00,e11,2022-09-02 0:00:00,100,e11,0
108,4691,1,1,2022-09-03 0:00:00,e11,2022-09-03 0:00:00,100,e11,0
109,4691,1,1,2022-09-04 0:00:00,e11,2022-09-04 0:00:00,100,e11,0
110,4691,1,1,2022-09-05 0:00:00,e11,2022-09-05 0:00:00,100,e11,0
111,4691,1,1,2022-09-06 0:00:00,e11,2022-09-06 0:00:00,100,e11,0
112,4691,1,1,2022-09-07 0:00:00,e11,2022-09-07 0:00:00,100,e11,0
113,4691,1,1,2022-09-08 0:00:00,e11,2022-09-08 0:00:00,100,e11,0
114,4691,1,1,2022-09-01 0:00:00,e11,2022-09-01 0:00:00,100,e11,0
115,4691,1,1,2022-09-01 0:00:00,e11,2022-09-01 0:00:00,100,e11,0
116,4691,1,1,2022-09-01 0:00:00,e11,2022-09-01 0:00:00,100,e11,0
117,4691,1,1,2022-09-01 0:00:00,e11,2022-09-01 0:00:00,100,e11,0
118,4691,1,7,2022-09-01 0:00:00,e11,2022-09-01 0:00:00,100,e11,1
119,4691,1,1,2022-09-01 0:00:00,e11,2022-09-01 0:00:00,100,e11,0
120,4691,1,1,2022-09-01 0:00:00,e11,2022-09-01 0:00:00,100,e11,0
121,4691,1,1,2022-09-01 0:00:00,e11,2022-09-01 0:00:00,100,e11,0
122,4691,1,1,2022-09-01 0:00:00,e11,2022-09-01 0:00:00,100,e11,0
123,4691,1,1,2022-09-01 0:00:00,e11,2022-09-01 0:00:00,100,e11,0
124,4691,1,1,2022-09-01 0:00:00,e11,2022-09-01 0:00:00,100,e11,0
125,4691,1,1,2022-09-01 0:00:00,e11,2022-09-01 0:00:00,100,e11,0
126,4691,1,1,2022-09-01 0:00:00,e11,2022-09-01 0:00:00,100,e11,0
127,4691,1,1,2022-09-01 0:00:00,e11,2022-09-01 0:00:00,100,e11,0
128,4691,1,1,2022-09-01 0:00:00,e11,2022-09-01 0:00:00,100,e11,0
129,4691,1,7,2022-09-01 0:00:00,e11,2022-09-01 0:00:00,100,e11,1
130,4691,1,1,2022-09-01 0:00:00,e11,2022-09-01 0:00:00,100,e11,0
131,4691,1,1,2022-09-01 0:00:00,e11,2022-09-01 0:00:00,100,e11,0
132,4691,1,1,2022-09-01 0:00:00,e11,2022-09-01 0:00:00,100,e11,0
133,4691,1,1,2022-09-01 0:00:00,e11,2022-09-01 0:00:00,100,e11,0
134,4691,1,1,2022-09-01 0:00:00,e11,2022-09-01 0:00:00,100,e11,0
135,4691,1,1,2022-09-01 0:00:00,e11,2022-09-01 0:00:00,100,e11,0
136,4691,1,1,2022-09-01 0:00:00,e11,2022-09-01 0:00:00,100,e11,0
137,4691,1,1,2022-09-01 0:00:00,e11,2022-09-01 0:00:00,100,e11,0
138,4691,1,7,2022-09-01 0:00:00,e11,2022-09-01 0:00:00,100,e11,1
139,4691,1,7,2022-09-01 0:00:00,e11,2022-09-01 0:00:00,100,e11,1
140,4691,1,7,2022-09-01 0:00:00,e11,2022-09-01 0:00:00,100,e11,1
141,4691,1,1,2022-09-01 0:00:00,e11,2022-09-01 0:00:00,100,e11,0
142,4691,1,1,2022-09-01 0:00:00,e11,2022-09-01 0:00:00,100,e11,0
143,4691,1,1,2022-09-01 0:00:00,e11,2022-09-01 0:00:00,100,e11,0
144,4691,1,1,2022-09-01 0:00:00,e11,2022-09-01 0:00:00,100,e11,0
145,4691,1,1,2022-09-01 0:00:00,e11,2022-09-01 0:00:00,100,e11,0
146,4691,1,1,2022-09-01 0:00:00,e11,2022-09-01 0:00:00,100,e11,0
147,4691,1,1,2022-09-01 0:00:00,e11,2022-09-01 0:00:00,100,e11,0
148,4691,1,1,2022-09-10 0:00:00,e11,2022-09-10 0:00:00,100,e11,0
149,4691,1,1,2022-09-11 0:00:00,e11,2022-09-11 0:00:00,100,e11,0
150,4691,1,1,2022-09-12 0:00:00,e11,2022-09-12 0:00:00,100,e11,0
151,4691,1,1,2022-09-13 0:00:00,e11,2022-09-13 0:00:00,100,e11,0
152,4691,1,1,2022-09-14 0:00:00,e11,2022-09-14 0:00:00,100,e11,0
153,4691,1,1,2022-09-15 0:00:00,e11,2022-09-15 0:00:00,100,e11,0
154,4691,1,1,2022-09-16 0:00:00,e11,2022-09-16 0:00:00,100,e11,0
155,4691,1,1,2022-09-17 0:00:00,e11,2022-09-17 0:00:00,100,e11,0
156,4691,1,1,2022-09-01 0:00:00,e11,2022-09-01 0:00:00,100,e11,0
157,4691,1,1,2022-09-01 0:00:00,e11,2022-09-01 0:00:00,100,e11,0
158,4691,1,1,2022-09-09 0:00:00,e11,2022-09-09 0:00:00,100,e11,0
159,4691,1,1,2022-09-01 0:00:00,e11,2022-09-01 0:00:00,100,e11,0
160,4691,1,1,2022-09-01 0:00:00,e11,2022-09-01 0:00:00,100,e11,0
161,4691,1,1,2022-09-01 0:00:00,e11,2022-09-01 0:00:00,100,e11,0
162,4691,1,1,2022-09-01 0:00:00,e11,2022-09-01 0:00:00,100,e11,0
163,4691,1,1,2022-09-01 0:00:00,e11,2022-09-01 0:00:00,100,e11,0
164,4691,1,1,2022-09-01 0:00:00,e11,2022-09-01 0:00:00,100,e11,0
165,4691,1,1,2022-09-01 0:00:00,e11,2022-09-01 0:00:00,100,e11,0
166,4691,1,1,2022-09-01 0:00:00,e11,2022-09-01 0:00:00,100,e11,0
167,4691,1,1,2022-09-01 0:00:00,e11,2022-09-01 0:00:00,100,e11,0
168,4691,1,1,2022-09-01 0:00:00,e11,2022-09-01 0:00:00,100,e11,0
169,4691,1,7,2022-09-01 0:00:00,e11,2022-09-01 0:00:00,100,e11,1
170,4691,1,7,2022-09-01 0:00:00,e11,2022-09-01 0:00:00,100,e11,1
171,4691,1,7,2022-09-01 0:00:00,e11,2022-09-01 0:00:00,100,e11,1
172,4691,1,1,2022-09-01 0:00:00,e11,2022-09-01 0:00:00,100,e11,0
173,4691,1,1,2022-09-01 0:00:00,e11,2022-09-01 0:00:00,100,e11,0
174,4691,1,1,2022-09-01 0:00:00,e11,2022-09-01 0:00:00,100,e11,0
175,4691,1,1,2022-09-01 0:00:00,e11,2022-09-01 0:00:00,100,e11,0
176,4691,1,1,2022-09-01 0:00:00,e11,2022-09-01 0:00:00,100,e11,0
177,4691,1,1,2022-09-01 0:00:00,e11,2022-09-01 0:00:00,100,e11,0
178,4691,1,1,2022-09-01 0:00:00,e11,2022-09-01 0:00:00,100,e11,0
179,4691,1,7,2022-09-01 0:00:00,e11,2022-09-01 0:00:00,100,e11,1
180,4691,1,7,2022-09-01 0:00:00,e11,2022-09-01 0:00:00,100,e11,1
181,4691,1,7,2022-09-01 0:00:00,e11,2022-09-01 0:00:00,100,e11,1
182,4691,1,1,2022-09-01 0:00:00,e11,2022-09-01 0:00:00,100,e11,0
183,4691,1,1,2022-09-01 0:00:00,e11,2022-09-01 0:00:00,100,e11,0
184,4691,1,1,2022-09-01 0:00:00,e11,2022-09-01 0:00:00,100,e11,0
185,4691,1,1,2022-09-01 0:00:00,e11,2022-09-01 0:00:00,100,e11,0
186,4691,1,1,2022-09-01 0:00:00,e11,2022-09-01 0:00:00,100,e11,0
187,4691,1,1,2022-09-01 0:00:00,e11,2022-09-01 0:00:00,100,e11,0
188,4691,1,1,2022-09-01 0:00:00,e11,2022-09-01 0:00:00,100,e11,0
189,4691,1,1,2022-09-01 0:00:00,e11,2022-09-01 0:00:00,100,e11,0
190,4691,1,1,2022-09-01 0:00:00,e11,2022-09-01 0:00:00,100,e11,0
191,4691,1,1,2022-09-01 0:00:00,e11,2022-09-01 0:00:00,100,e11,0
192,4691,1,1,2022-09-01 0:00:00,e11,2022-09-01 0:00:00,100,e11,0
193,4691,1,1,2022-09-01 0:00:00,e11,2022-09-01 0:00:00,100,e11,0
194,4691,1,1,2022-09-20 0:00:00,e11,2022-09-20 0:00:00,100,e11,0
195,4691,1,1,2022-09-21 0:00:00,e11,2022-09-21 0:00:00,100,e11,0
196,4691,1,1,2022-09-22 0:00:00,e11,2022-09-22 0:00:00,100,e11,0
197,4691,1,1,2022-09-23 0:00:00,e11,2022-09-23 0:00:00,100,e11,0
198,4691,1,1,2022-09-24 0:00:00,e11,2022-09-24 0:00:00,100,e11,0
199,4691,1,1,2022-09-25 0:00:00,e11,2022-09-25 0:00:00,100,e11,0
200,4691,1,1,2022-09-26 0:00:00,e11,2022-09-26 0:00:00,100,e11,0
201,4691,1,1,2022-09-27 0:00:00,e11,2022-09-27 0:00:00,100,e11,0
202,4691,1,1,2022-09-28 0:00:00,e11,2022-09-28 0:00:00,100,e11,0
203,4691,1,1,2022-09-29 0:00:00,e11,2022-09-29 0:00:00,100,e11,0
204,4691,1,1,2022-09-01 0:00:00,e11,2022-09-01 0:00:00,100,e11,0
205,4691,1,1,2022-09-01 0:00:00,e11,2022-09-01 0:00:00,100,e11,0
206,4691,1,1,2022-09-01 0:00:00,e11,2022-09-01 0:00:00,100,e11,0
207,4691,1,1,2022-09-01 0:00:00,e11,2022-09-01 0:00:00,100,e11,0
208,4691,1,1,2022-09-01 0:00:00,e11,2022-09-01 0:00:00,100,e11,0
209,4691,1,1,2022-09-01 0:00:00,e11,2022-09-01 0:00:00,100,e11,0
210,4691,1,1,2022-09-01 0:00:00,e11,2022-09-01 0:00:00,100,e11,0
211,4691,1,1,2022-09-01 0:00:00,e11,2022-09-01 0:00:00,100,e11,0
212,4691,1,1,2022-09-01 0:00:00,e11,2022-09-01 0:00:00,100,e11,0
213,4691,1,1,2022-09-01 0:00:00,e11,2022-09-01 0:00:00,100,e11,0
214,4691,1,1,2022-09-01 0:00:00,e11,2022-09-01 0:00:00,100,e11,0
215,4691,1,1,2022-09-01 0:00:00,e11,2022-09-01 0:00:00,100,e11,0
216,4691,1,1,2022-09-01 0:00:00,e11,2022-09-01 0:00:00,100,e11,0
217,4691,1,1,2022-11-10 0:00:00,e11,2022-11-10 0:00:00,100,e11,0
218,4691,1,1,2022-11-11 0:00:00,e11,2022-11-11 0:00:00,100,e11,0
219,4691,1,1,2022-11-12 0:00:00,e11,2022-11-12 0:00:00,100,e11,0
220,4691,1,1,2022-11-13 0:00:00,e11,2022-11-13 0:00:00,100,e11,0
221,4691,1,1,2022-11-14 0:00:00,e11,2022-11-14 0:00:00,100,e11,0
222,4691,1,1,2022-11-15 0:00:00,e11,2022-11-15 0:00:00,100,e11,0
223,4691,1,1,2022-11-16 0:00:00,e11,2022-11-16 0:00:00,100,e11,0
224,4691,1,1,2022-11-17 0:00:00,e11,2022-11-17 0:00:00,100,e11,0
225,4691,1,1,2022-11-18 0:00:00,e11,2022-11-18 0:00:00,100,e11,0
226,4691,1,1,2022-11-19 0:00:00,e11,2022-11-19 0:00:00,100,e11,0
227,4691,1,1,2022-11-20 0:00:00,e11,2022-11-20 0:00:00,100,e11,0
228,4691,1,1,2022-09-01 0:00:00,e11,2022-09-01 0:00:00,100,e11,0
229,4691,1,1,2022-09-01 0:00:00,e11,2022-09-01 0:00:00,100,e11,0
230,4691,1,1,2022-09-01 0:00:00,e11,2022-09-01 0:00:00,100,e11,0
231,4691,1,1,2022-09-01 0:00:00,e11,2022-09-01 0:00:00,100,e11,0
232,4691,1,1,2022-09-01 0:00:00,e11,2022-09-01 0:00:00,100,e11,0
233,4691,1,1,2022-10-10 0:00:00,e11,2022-10-10 0:00:00,100,e11,0
234,4691,1,1,2022-10-11 0:00:00,e11,2022-10-11 0:00:00,100,e11,0
235,4691,1,1,2022-10-12 0:00:00,e11,2022-10-12 0:00:00,100,e11,0
236,4691,1,1,2022-10-13 0:00:00,e11,2022-10-13 0:00:00,100,e11,0
237,4691,1,1,2022-10-14 0:00:00,e11,2022-10-14 0:00:00,100,e11,0
238,4691,1,1,2022-10-15 0:00:00,e11,2022-10-15 0:00:00,100,e11,0
239,4691,1,1,2022-10-16 0:00:00,e11,2022-10-16 0:00:00,100,e11,0
240,4691,1,1,2022-10-17 0:00:00,e11,2022-10-17 0:00:00,100,e11,0
241,4691,1,1,2022-10-18 0:00:00,e11,2022-10-18 0:00:00,100,e11,0
242,4691,1,1,2022-10-19 0:00:00,e11,2022-10-19 0:00:00,100,e11,0
243,4691,1,1,2022-10-20 0:00:00,e11,2022-10-20 0:00:00,100,e11,0
244,4691,1,1,2022-09-01 0:00:00,e11,2022-09-01 0:00:00,109,e11,1
245,4691,1,1,2022-09-01 0:00:00,e11,2022-09-01 0:00:00,100,e11,0
246,4691,1,1,2022-09-01 0:00:00,e11,2022-09-01 0:00:00,110,e11,1
247,4691,1,1,2022-09-01 0:00:00,e11,2022-09-01 0:00:00,100,e11,0
248,4691,1,1,2022-09-01 0:00:00,e11,2022-09-01 0:00:00,111,e11,1
249,4691,1,1,2022-09-01 0:00:00,e11,2022-09-01 0:00:00,100,e11,0
250,4691,1,1,2022-09-01 0:00:00,e11,2022-09-01 0:00:00,112,e11,1
251,4691,1,1,2022-09-01 0:00:00,e11,2022-09-01 0:00:00,100,e11,0
252,4691,1,1,2022-09-01 0:00:00,e11,2022-09-01 0:00:00,113,e11,1
253,4691,1,1,2022-09-01 0:00:00,e11,2022-09-01 0:00:00,100,e11,0
254,4691,1,1,2022-09-01 0:00:00,e11,2022-09-01 0:00:00,100,e11,0
255,4691,1,1,2022-09-01 0:00:00,e11,2022-09-01 0:00:00,100,e11,0
256,4691,1,1,2022-09-01 0:00:00,e11,2022-09-01 0:00:00,100,e11,0
257,4691,1,1,2022-09-01 0:00:00,e11,2022-09-01 0:00:00,100,e11,0
258,4691,1,1,2022-09-01 0:00:00,e11,2022-09-01 0:00:00,100,e11,0
259,4691,1,1,2022-09-01 0:00:00,e11,2022-09-01 0:00:00,100,e11,0
260,4691,1,1,2022-09-01 0:00:00,e11,2022-09-01 0:00:00,100,e11,0
261,4691,1,1,2022-09-01 0:00:00,e11,2022-09-01 0:00:00,100,e11,0
262,4691,1,6,2022-09-01 0:00:00,e11,2022-09-01 0:00:00,100,e11,1
263,4691,1,1,2022-09-01 0:00:00,e11,2022-09-01 0:00:00,100,e11,0
264,4691,1,5,2022-09-01 0:00:00,e11,2022-09-01 0:00:00,100,e11,1
265,4691,1,1,2022-09-01 0:00:00,e11,2022-09-01 0:00:00,100,e11,0
266,4691,1,7,2022-09-01 0:00:00,e11,2022-09-01 0:00:00,100,e11,1
267,4691,1,1,2022-09-01 0:00:00,e11,2022-09-01 0:00:00,100,e11,0
268,4691,1,1,2022-09-01 0:00:00,e11,2022-09-01 0:00:00,100,e11,0
269,4691,1,1,2022-09-01 0:00:00,e11,2022-09-01 0:00:00,100,e11,0
270,4691,1,1,2022-09-01 0:00:00,e11,2022-09-01 0:00:00,100,e11,0
271,4691,1,1,2022-09-01 0:00:00,e11,2022-09-01 0:00:00,100,e11,0
272,4691,1,1,2022-09-01 0:00:00,e11,2022-09-01 0:00:00,100,e11,0
273,4691,1,1,2022-09-01 0:00:00,e11,2022-09-01 0:00:00,100,e11,0
274,4691,1,1,2022-09-01 0:00:00,e11,2022-09-01 0:00:00,100,e11,0
275,4691,1,1,2022-09-01 0:00:00,e11,2022-09-01 0:00:00,100,e11,0
276,4691,1,1,2022-12-10 0:00:00,e11,2022-12-10 0:00:00,100,e11,0
277,4691,1,1,2022-12-11 0:00:00,e11,2022-12-11 0:00:00,100,e11,0
278,4691,1,1,2022-12-12 0:00:00,e11,2022-12-12 0:00:00,100,e11,0
279,4691,1,1,2022-12-13 0:00:00,e11,2022-12-13 0:00:00,100,e11,0
280,4691,1,1,2022-12-14 0:00:00,e11,2022-12-14 0:00:00,100,e11,0
281,4691,1,1,2022-12-15 0:00:00,e11,2022-12-15 0:00:00,100,e11,0
282,4691,1,1,2022-12-16 0:00:00,e11,2022-12-16 0:00:00,100,e11,0
283,4691,1,1,2022-12-17 0:00:00,e11,2022-12-17 0:00:00,100,e11,0
284,4691,1,1,2022-12-18 0:00:00,e11,2022-12-18 0:00:00,100,e11,0
285,4691,1,1,2022-12-19 0:00:00,e11,2022-12-19 0:00:00,100,e11,0
286,4691,1,1,2022-12-20 0:00:00,e11,2022-12-20 0:00:00,205,e11,1
287,4691,1,1,2022-09-01 0:00:00,e11,2022-09-01 0:00:00,206,e11,1
288,4691,1,1,2022-09-01 0:00:00,e11,2022-09-01 0:00:00,207,e11,1
289,4691,1,1,2022-09-01 0:00:00,e11,2022-09-01 0:00:00,208,e11,1
290,4691,1,1,2022-09-01 0:00:00,e11,2022-09-01 0:00:00,209,e11,1
291,4691,1,1,2022-09-01 0:00:00,e11,2022-09-01 0:00:00,210,e11,1
292,4691,1,1,2022-09-01 0:00:00,e11,2022-09-01 0:00:00,211,e11,1
293,4691,1,1,2022-09-01 0:00:00,e11,2022-09-01 0:00:00,212,e11,1
294,4691,1,1,2022-09-01 0:00:00,e11,2022-09-01 0:00:00,213,e11,1
295,4691,1,1,2022-09-01 0:00:00,e11,2022-09-01 0:00:00,100,e11,0
296,4691,1,1,2022-09-01 0:00:00,e11,2022-09-01 0:00:00,100,e11,0
297,4691,1,1,2022-09-01 0:00:00,e11,2022-09-01 0:00:00,100,e11,0
298,4691,1,1,2022-09-01 0:00:00,e11,2022-09-01 0:00:00,100,e11,0
299,4691,1,1,2022-09-01 0:00:00,e11,2022-09-01 0:00:00,100,e11,0
300,4691,1,1,2022-09-01 0:00:00,e11,2022-09-01 0:00:00,100,e11,0
301,4691,1,1,2022-09-01 0:00:00,e11,2022-09-01 0:00:00,100,e11,0
302,4691,1,1,2022-09-01 0:00:00,e11,2022-09-01 0:00:00,100,e11,0
303,4691,1,1,2022-09-01 0:00:00,e11,2022-09-01 0:00:00,100,e11,0
304,4691,1,1,2022-09-01 0:00:00,e11,2022-09-01 0:00:00,100,e11,0
305,4691,1,1,2022-09-01 0:00:00,e11,2022-09-01 0:00:00,100,e11,0
306,4691,1,1,2022-09-01 0:00:00,e11,2022-09-01 0:00:00,100,e11,0
307,4691,1,1,2022-09-01 0:00:00,e11,2022-09-01 0:00:00,100,e11,0
308,4691,1,1,2022-09-01 0:00:00,e11,2022-09-01 0:00:00,100,e11,0
309,4691,1,1,2022-09-01 0:00:00,e11,2022-09-01 0:00:00,100,e11,0
310,4691,1,1,2022-09-01 0:00:00,e11,2022-09-01 0:00:00,100,e11,0
311,4691,1,1,2022-09-01 0:00:00,e11,2022-09-01 0:00:00,100,e11,0
312,4691,1,1,2022-09-01 0:00:00,e11,2022-09-01 0:00:00,100,e11,0
313,4691,1,1,2022-09-01 0:00:00,e11,2022-09-01 0:00:00,100,e11,0
314,4691,1,1,2022-09-01 0:00:00,e11,2022-09-01 0:00:00,100,e11,0
315,4691,1,1,2022-09-01 0:00:00,e11,2022-09-01 0:00:00,100,e11,0
316,4691,1,1,2022-09-01 0:00:00,e11,2022-09-01 0:00:00,100,e11,0
317,4691,1,1,2022-09-01 0:00:00,e11,2022-09-01 0:00:00,100,e11,0
318,4691,1,1,2022-09-01 0:00:00,e11,2022-09-01 0:00:00,100,e11,0
319,4691,1,1,2022-09-01 0:00:00,e11,2022-09-01 0:00:00,100,e11,0
320,4691,1,1,2022-09-01 0:00:00,e11,2022-09-01 0:00:00,100,e11,0
321,4691,1,1,2022-09-01 0:00:00,e11,2022-09-01 0:00:00,100,e11,0
322,4691,1,1,2022-09-01 0:00:00,e11,2022-09-01 0:00:00,100,e11,0
323,4691,1,1,2022-09-05 0:00:00,ade,2022-09-05 0:00:00,100,decs,0
324,4691,1,1,2022-09-05 0:00:00,ade,2022-09-05 0:00:00,100,decs,0
325,4691,1,1,2022-09-01 0:00:00,e11,2022-09-01 0:00:00,100,e11,0
326,4691,1,1,2022-09-01 0:00:00,e11,2022-09-01 0:00:00,100,e11,0
327,4691,1,1,2022-09-01 0:00:00,e11,2022-09-01 0:00:00,100,e11,0
328,4691,1,1,2022-09-01 0:00:00,e11,2022-09-01 0:00:00,100,e11,0
329,4691,1,1,2022-09-01 0:00:00,e11,2022-09-01 0:00:00,100,e11,0
330,4691,1,1,2022-09-01 0:00:00,e11,2022-09-01 0:00:00,100,e11,0
331,4691,1,1,2022-09-01 0:00:00,e11,2022-09-01 0:00:00,100,e11,0
332,4691,1,1,2022-09-01 0:00:00,e11,2022-09-01 0:00:00,100,e11,0
333,4691,1,1,2022-09-01 0:00:00,e11,2022-09-01 0:00:00,100,e11,0
334,4691,1,1,2022-09-01 0:00:00,e11,2022-09-01 0:00:00,100,e11,0
335,4691,1,1,2022-09-01 0:00:00,e11,2022-09-01 0:00:00,100,e11,0
336,4691,1,1,2022-09-01 0:00:00,e11,2022-09-01 0:00:00,100,e11,0
337,4691,1,1,2022-09-01 0:00:00,e11,2022-09-01 0:00:00,100,e11,0
338,4691,1,1,2022-09-01 0:00:00,e11,2022-09-01 0:00:00,100,e11,0
339,4691,1,1,2022-09-01 0:00:00,e11,2022-09-01 0:00:00,100,e11,0
340,4691,1,1,2022-09-01 0:00:00,e11,2022-09-01 0:00:00,100,e11,0
341,4691,1,1,2022-09-01 0:00:00,e11,2022-09-01 0:00:00,100,e11,0
342,4691,1,1,2022-09-01 0:00:00,e11,2022-09-01 0:00:00,100,e11,0
343,4691,1,1,2022-09-01 0:00:00,e11,2022-09-01 0:00:00,100,e11,0
344,4691,1,1,2022-09-01 0:00:00,e11,2022-09-01 0:00:00,100,e11,0
345,4691,1,1,2022-09-01 0:00:00,e11,2022-09-01 0:00:00,100,e11,0
346,4691,1,1,2022-09-01 0:00:00,e11,2022-09-01 0:00:00,100,e11,0
347,4691,1,1,2022-09-01 0:00:00,e11,2022-09-01 0:00:00,100,e11,0
348,4691,1,1,2022-09-01 0:00:00,e11,2022-09-01 0:00:00,100,e11,0
349,4691,1,1,2022-09-01 0:00:00,e11,2022-09-01 0:00:00,100,e11,0
350,4691,1,1,2022-09-01 0:00:00,e11,2022-09-01 0:00:00,100,e11,0
351,4691,1,1,2022-09-01 0:00:00,e11,2022-09-01 0:00:00,100,e11,0
352,4691,1,1,2022-09-01 0:00:00,e11,2022-09-01 0:00:00,100,e11,0
353,4691,1,1,2022-09-01 0:00:00,e11,2022-09-01 0:00:00,100,e11,0
354,4691,1,1,2022-09-01 0:00:00,e11,2022-09-01 0:00:00,100,e11,0
355,4691,1,1,2022-09-01 0:00:00,e11,2022-09-01 0:00:00,100,e11,0
356,4691,1,1,2022-09-01 0:00:00,e11,2022-09-01 0:00:00,100,e11,0
357,4691,1,3,2022-09-01 0:00:00,e11,2022-09-01 0:00:00,100,e11,1
358,4691,1,1,2022-09-01 0:00:00,e11,2022-09-01 0:00:00,100,e11,0
359,4691,1,1,2022-09-01 0:00:00,e11,2022-09-01 0:00:00,100,e11,0
360,4691,1,1,2022-09-01 0:00:00,e11,2022-09-01 0:00:00,100,e11,0
361,4691,1,1,2022-09-01 0:00:00,e11,2022-09-01 0:00:00,100,e11,0
362,4691,1,1,2022-09-01 0:00:00,e11,2022-09-01 0:00:00,100,e11,0
363,4691,1,1,2022-09-01 0:00:00,e11,2022-09-01 0:00:00,100,e11,0
364,4691,1,1,2022-09-01 0:00:00,e11,2022-09-01 0:00:00,100,e11,0
365,4691,1,1,2022-09-01 0:00:00,e11,2022-09-01 0:00:00,100,e11,0
366,4691,1,1,2022-09-01 0:00:00,e11,2022-09-01 0:00:00,100,e11,0
367,4691,1,1,2022-09-01 0:00:00,e11,2022-09-01 0:00:00,100,e11,0
368,4691,1,1,2022-09-01 0:00:00,e11,2022-09-01 0:00:00,100,e11,0
369,4691,1,1,2022-09-01 0:00:00,e11,2022-09-01 0:00:00,100,e11,0
370,4691,1,1,2022-09-01 0:00:00,e11,2022-09-01 0:00:00,100,e11,0
371,4691,1,1,2022-09-01 0:00:00,e11,2022-09-01 0:00:00,100,e11,0
372,4691,1,1,2022-09-01 0:00:00,e11,2022-09-01 0:00:00,100,e11,0
373,4691,1,1,2022-09-01 0:00:00,e11,2022-09-01 0:00:00,100,e11,0
374,4691,1,1,2022-09-01 0:00:00,e11,2022-09-01 0:00:00,100,e11,0
375,4691,1,1,2022-09-01 0:00:00,e11,2022-09-01 0:00:00,100,e11,0
376,4691,1,1,2022-09-01 0:00:00,e11,2022-09-01 0:00:00,100,e11,0
377,4691,1,1,2022-09-01 0:00:00,e11,2022-09-01 0:00:00,100,e11,0
378,4691,1,1,2022-09-01 0:00:00,e11,2022-09-01 0:00:00,100,e11,0
379,4691,1,1,2022-09-01 0:00:00,e11,2022-09-01 0:00:00,100,e11,0
380,4691,1,1,2022-09-01 0:00:00,e11,2022-09-01 0:00:00,100,e11,0
381,4691,1,1,2022-09-01 0:00:00,e11,2022-09-01 0:00:00,100,e11,0
382,4691,1,1,2022-09-01 0:00:00,e11,2022-09-01 0:00:00,100,e11,0
383,4691,1,1,2022-09-01 0:00:00,e11,2022-09-01 0:00:00,100,e11,0
384,4691,1,1,2022-09-01 0:00:00,e11,2022-09-01 0:00:00,100,e11,0
385,4691,1,1,2022-09-01 0:00:00,e11,2022-09-01 0:00:00,100,e11,0
386,4691,1,1,2022-09-01 0:00:00,e11,2022-09-01 0:00:00,100,e11,0
387,4691,1,1,2022-09-01 0:00:00,e11,2022-09-01 0:00:00,100,e11,0
388,4691,1,1,2022-09-01 0:00:00,e11,2022-09-01 0:00:00,100,e11,0
389,4691,1,1,2022-09-01 0:00:00,e11,2022-09-01 0:00:00,100,e11,0
390,4691,1,1,2022-09-01 0:00:00,e11,2022-09-01 0:00:00,100,e11,0
391,4691,1,1,2022-09-01 0:00:00,e11,2022-09-01 0:00:00,100,e11,0
392,4691,1,1,2022-09-01 0:00:00,e11,2022-09-01 0:00:00,100,e11,0
393,4691,1,1,2022-09-01 0:00:00,e11,2022-09-01 0:00:00,100,e11,0
394,4691,1,1,2022-09-01 0:00:00,e11,2022-09-01 0:00:00,100,e11,0
395,4691,1,1,2022-09-01 0:00:00,e11,2022-09-01 0:00:00,100,e11,0
396,4691,1,1,2022-09-01 0:00:00,e11,2022-09-01 0:00:00,100,e11,0
397,4691,1,1,2022-09-01 0:00:00,e11,2022-09-01 0:00:00,100,e11,0
398,4691,1,1,2022-09-01 0:00:00,e11,2022-09-01 0:00:00,100,e11,0
399,4691,1,1,2022-09-01 0:00:00,e11,2022-09-01 0:00:00,100,e11,0
400,4691,1,1,2022-09-01 0:00:00,e11,2022-09-01 0:00:00,100,e11,0
401,4691,1,1,2022-09-01 0:00:00,e11,2022-09-01 0:00:00,100,e11,0
402,4691,1,1,2022-09-01 0:00:00,e11,2022-09-01 0:00:00,100,e11,0
403,4691,1,1,2022-09-01 0:00:00,e11,2022-09-01 0:00:00,100,e11,0
404,4691,1,1,2022-09-01 0:00:00,e11,2022-09-01 0:00:00,100,e11,0
405,4691,1,1,2022-09-01 0:00:00,e11,2022-09-01 0:00:00,100,e11,0
406,4691,1,1,2022-09-01 0:00:00,e11,2022-09-01 0:00:00,100,e11,0
407,4691,1,1,2022-09-01 0:00:00,e11,2022-09-01 0:00:00,100,e11,0
408,4691,1,1,2022-09-01 0:00:00,e11,2022-09-01 0:00:00,100,e11,0
409,4691,1,1,2022-09-01 0:00:00,e11,2022-09-01 0:00:00,100,e11,0
410,4691,1,1,2022-09-01 0:00:00,e11,2022-09-01 0:00:00,100,e11,0
411,4691,1,1,2022-09-01 0:00:00,e11,2022-09-01 0:00:00,100,e11,0
412,4691,1,1,2022-09-01 0:00:00,e11,2022-09-01 0:00:00,100,e11,0
413,4691,1,1,2022-09-01 0:00:00,e11,2022-09-01 0:00:00,100,e11,0
414,4691,1,1,2022-09-01 0:00:00,e11,2022-09-01 0:00:00,100,e11,0
415,4691,1,1,2022-09-01 0:00:00,e11,2022-09-01 0:00:00,100,e11,0
416,4691,1,1,2022-09-01 0:00:00,e11,2022-09-01 0:00:00,100,e11,0
417,4691,1,1,2022-09-01 0:00:00,e11,2022-09-01 0:00:00,100,e11,0
418,4691,1,1,2022-09-01 0:00:00,e11,2022-09-01 0:00:00,100,e11,0
419,4691,1,1,2022-09-01 0:00:00,e11,2022-09-01 0:00:00,100,e11,0
420,4691,1,1,2022-09-01 0:00:00,e11,2022-09-01 0:00:00,100,e11,0
421,4691,1,1,2022-09-01 0:00:00,e11,2022-09-01 0:00:00,100,e11,0
422,4691,1,1,2022-09-01 0:00:00,e11,2022-09-01 0:00:00,100,e11,0
423,4691,1,1,2022-09-01 0:00:00,e11,2022-09-01 0:00:00,100,e11,0
424,4691,1,1,2022-09-01 0:00:00,e11,2022-09-01 0:00:00,100,e11,0
425,4691,1,1,2022-09-01 0:00:00,e11,2022-09-01 0:00:00,100,e11,0
426,4691,1,1,2022-09-01 0:00:00,e11,2022-09-01 0:00:00,100,e11,0
427,4691,1,1,2022-09-01 0:00:00,e11,2022-09-01 0:00:00,100,e11,0
428,4691,1,1,2022-09-01 0:00:00,e11,2022-09-01 0:00:00,100,e11,0
429,4691,1,1,2022-09-01 0:00:00,e11,2022-09-01 0:00:00,100,e11,0
430,4691,1,1,2022-09-01 0:00:00,e11,2022-09-01 0:00:00,100,e11,0
431,4691,1,1,2022-09-01 0:00:00,e11,2022-09-01 0:00:00,100,e11,0
432,4691,1,1,2022-09-01 0:00:00,e11,2022-09-01 0:00:00,100,e11,0
433,4691,1,1,2022-09-01 0:00:00,e11,2022-09-01 0:00:00,100,e11,0
434,4691,1,1,2022-09-01 0:00:00,e11,2022-09-01 0:00:00,100,e11,0
435,4691,1,1,2022-09-01 0:00:00,e11,2022-09-01 0:00:00,100,e11,0
436,4691,1,1,2022-09-01 0:00:00,e11,2022-09-01 0:00:00,100,e11,0
437,4691,1,1,2022-09-01 0:00:00,e11,2022-09-01 0:00:00,100,e11,0
438,4691,1,1,2022-09-01 0:00:00,e11,2022-09-01 0:00:00,100,e11,0
439,4691,1,1,2022-09-01 0:00:00,e11,2022-09-01 0:00:00,100,e11,0
440,4691,1,1,2022-09-01 0:00:00,e11,2022-09-01 0:00:00,100,e11,0
441,4691,1,1,2022-09-01 0:00:00,e11,2022-09-01 0:00:00,100,e11,0
442,4691,1,1,2022-09-01 0:00:00,e11,2022-09-01 0:00:00,100,e11,0
443,4691,1,1,2022-09-01 0:00:00,e11,2022-09-01 0:00:00,100,e11,0
444,4691,1,1,2022-09-01 0:00:00,e11,2022-09-01 0:00:00,100,e11,0
445,4691,1,1,2022-09-01 0:00:00,e11,2022-09-01 0:00:00,100,e11,0
446,4691,1,1,2022-09-01 0:00:00,e11,2022-09-01 0:00:00,100,e11,0
447,4691,1,1,2022-09-01 0:00:00,e11,2022-09-01 0:00:00,100,e11,0
448,4691,1,1,2022-09-01 0:00:00,e11,2022-09-01 0:00:00,100,e11,0
449,4691,1,1,2022-09-01 0:00:00,e11,2022-09-01 0:00:00,100,e11,0
450,4691,1,1,2022-09-01 0:00:00,e11,2022-09-01 0:00:00,100,e11,0
451,4691,1,1,2022-09-01 0:00:00,e11,2022-09-01 0:00:00,100,e11,0
452,4691,1,1,2022-09-01 0:00:00,e11,2022-09-01 0:00:00,100,e11,0
453,4691,1,1,2022-09-01 0:00:00,e11,2022-09-01 0:00:00,100,e11,0
454,4691,1,1,2022-09-01 0:00:00,e11,2022-09-01 0:00:00,100,e11,0
455,4691,1,1,2022-09-01 0:00:00,e11,2022-09-01 0:00:00,100,e11,0
456,4691,1,1,2022-09-01 0:00:00,e11,2022-09-01 0:00:00,100,e11,0
457,4691,1,1,2022-09-01 0:00:00,e11,2022-09-01 0:00:00,100,e11,0
458,4691,1,1,2022-09-01 0:00:00,e11,2022-09-01 0:00:00,100,e11,0
459,4691,1,1,2022-09-01 0:00:00,e11,2022-09-01 0:00:00,100,e11,0
460,4691,1,1,2022-09-01 0:00:00,e11,2022-09-01 0:00:00,100,e11,0
461,4691,1,1,2022-09-01 0:00:00,e11,2022-09-01 0:00:00,100,e11,0
462,4691,1,1,2022-09-01 0:00:00,e11,2022-09-01 0:00:00,100,e11,0
463,4691,1,1,2022-09-01 0:00:00,e11,2022-09-01 0:00:00,100,e11,0
464,4691,1,1,2022-09-01 0:00:00,e11,2022-09-01 0:00:00,100,e11,0
465,4691,1,1,2022-09-01 0:00:00,e11,2022-09-01 0:00:00,100,e11,0
466,4691,1,1,2022-09-01 0:00:00,e11,2022-09-01 0:00:00,100,e11,0
467,4691,1,1,2022-09-01 0:00:00,e11,2022-09-01 0:00:00,100,e11,0
468,4691,1,1,2022-09-01 0:00:00,e11,2022-09-01 0:00:00,100,e11,0
469,4691,1,1,2022-09-01 0:00:00,e11,2022-09-01 0:00:00,100,e11,0
470,4691,1,1,2022-09-01 0:00:00,e11,2022-09-01 0:00:00,100,e11,0
471,4691,1,1,2022-09-01 0:00:00,e11,2022-09-01 0:00:00,100,e11,0
472,4691,1,1,2022-09-01 0:00:00,e11,2022-09-01 0:00:00,100,e11,0
473,4691,1,1,2022-09-01 0:00:00,e11,2022-09-01 0:00:00,100,e11,0
474,4691,1,1,2022-09-01 0:00:00,e11,2022-09-01 0:00:00,100,e11,0
475,4691,1,1,2022-09-01 0:00:00,e11,2022-09-01 0:00:00,100,e11,0
476,4691,1,1,2022-09-01 0:00:00,e11,2022-09-01 0:00:00,100,e11,0
477,4691,1,1,2022-09-01 0:00:00,e11,2022-09-01 0:00:00,100,e11,0
478,4691,1,1,2022-09-01 0:00:00,e11,2022-09-01 0:00:00,100,e11,0
479,4691,1,1,2022-09-01 0:00:00,e11,2022-09-01 0:00:00,100,e11,0
480,4691,1,1,2022-09-01 0:00:00,e11,2022-09-01 0:00:00,100,e11,0
481,4691,1,1,2022-09-01 0:00:00,e11,2022-09-01 0:00:00,100,e11,0
482,4691,1,1,2022-09-01 0:00:00,e11,2022-09-01 0:00:00,100,e11,0
483,4691,1,1,2022-09-01 0:00:00,e11,2022-09-01 0:00:00,100,e11,0
484,4691,1,1,2022-09-01 0:00:00,e11,2022-09-01 0:00:00,100,e11,0
485,4691,1,1,2022-09-01 0:00:00,e11,2022-09-01 0:00:00,100,e11,0
486,4691,1,1,2022-09-01 0:00:00,e11,2022-09-01 0:00:00,100,e11,0
487,4691,1,1,2022-09-01 0:00:00,e11,2022-09-01 0:00:00,100,e11,0
488,4691,1,1,2022-09-01 0:00:00,e11,2022-09-01 0:00:00,100,e11,0
489,4691,1,1,2022-09-01 0:00:00,e11,2022-09-01 0:00:00,100,e11,0
490,4691,1,1,2022-09-01 0:00:00,e11,2022-09-01 0:00:00,100,e11,0
491,4691,1,1,2022-09-01 0:00:00,e11,2022-09-01 0:00:00,100,e11,0
492,79423,1,1,2023-02-16 0:00:00,Expense claim 160223,2023-02-16 0:00:00,500,Expense claim 160223,0
493,3797,1,1,2023-02-16 0:00:00,desc,2023-02-16 0:00:00,100,utlegg,1
493,4691,1,1,2023-02-16 0:00:00,desc,2023-02-16 0:00:00,100,utlegg,0
494,4691,1,1,2023-02-17 0:00:00,dinner500,2023-02-17 0:00:00,500,diner,0
495,4691,1,1,2023-02-17 0:00:00,adeee,2023-02-17 0:00:00,0,eee,0
496,4691,1,1,2023-02-20 0:00:00,20022023A,2023-02-20 0:00:00,400,tht,0
497,4691,1,1,2023-02-20 0:00:00,20022023B,2023-02-20 0:00:00,400,aa,0
498,4691,1,1,2023-02-20 0:00:00,new,2023-02-20 0:00:00,100,031285A,0
499,79328,1,1,2023-03-14 0:00:00,Test Claim edit,2023-03-14 0:00:00,45,45,0
500,809169,4,4,2023-10-10 0:00:00,expenseIeva,2023-10-10 0:00:00,500,expense1,0
501,793947,1,1,2023-10-10 0:00:00,Expenses,2023-10-10 0:00:00,500,chairs,0
501,793947,1,1,2023-10-10 0:00:00,Expenses,2023-10-20 0:00:00,1500,Flight ticket,0
502,793947,1,1,2023-10-20 0:00:00,Expense claim x and project,2023-10-20 0:00:00,250,company card,0
502,793947,1,1,2023-10-20 0:00:00,Expense claim x and project,2023-10-20 0:00:00,2000,Flight,0
502,793947,1,1,2023-10-20 0:00:00,Expense claim x and project,2023-10-20 0:00:00,0,Hotel,0
503,793947,1,1,2023-10-11 0:00:00,Test 2,2023-10-10 0:00:00,500,lunch,0
504,4691,1,1,2023-10-21 0:00:00,21102023Ade1,2023-10-21 0:00:00,500,21102023,0
505,793947,1,1,2023-10-21 0:00:00,car,2023-10-21 0:00:00,100,car,0
506,4691,1,1,2023-10-21 0:00:00,ade21102023ade2,2023-10-21 0:00:00,400,aaa,0
507,4691,1,2,2023-10-21 0:00:00,ade21102023expense3,2023-10-21 0:00:00,0,ade,1
508,4691,1,1,2023-10-21 0:00:00,expense4Ade21102023,2023-10-21 0:00:00,400,exp4,0
509,4691,1,1,2023-10-21 0:00:00,expense4Ade21102023,2023-10-21 0:00:00,400,ade4,0
510,4691,1,1,2023-10-21 0:00:00,expense5Ade21102023,2023-10-21 0:00:00,1000,aa,0
511,793947,1,1,2023-10-21 0:00:00,21102023 test Anki 12.42,2023-10-21 0:00:00,1000,test,0
512,4691,1,1,2023-10-21 0:00:00,expense6Ade21102023,2023-10-21 0:00:00,500,ade,0
513,4320,3,1,2023-10-21 0:00:00,expense8ade21102023,2023-10-21 0:00:00,300,car,1
514,4691,1,1,2023-10-21 0:00:00,expense7ade21102023,2023-10-21 0:00:00,400,ade,0
515,793947,1,1,2023-10-21 0:00:00,Test project,2023-10-21 0:00:00,1500,Airline tickets,0
516,793947,1,1,2023-10-21 0:00:00,Flight tickets,2023-10-21 0:00:00,2500,Fly tickets,0
517,809169,4,4,2023-11-30 0:00:00,30112023A,2023-11-30 0:00:00,600,Travel,0
518,793947,1,1,2023-12-04 0:00:00,Test 30112023,2023-11-30 0:00:00,1250,test,0
519,793947,1,1,2023-12-08 0:00:00,Submitted Receipt(s),2023-12-08 0:00:00,0,Flight ticket,0
520,793947,1,1,2024-02-02 0:00:00,Flight in GBP,2024-02-02 0:00:00,200,Flight ticket,0
522,793947,1,1,2024-02-06 0:00:00,Test Claim Anki,2024-02-06 0:00:00,1500,Test Claim Anki,0
523,793947,1,1,2024-02-13 0:00:00,Test attahments,2024-02-13 0:00:00,1200,Test attachments,0
524,793947,1,1,2024-02-22 0:00:00,test no setting,2024-02-22 0:00:00,100,Test - no settings,0
525,793947,1,1,2024-02-22 0:00:00,Currency override,2024-02-22 0:00:00,100,Currency override,0
527,4691,1,1,2023-02-16 0:00:00,16022023A,2023-02-16 0:00:00,1000,go,0
528,4691,1,1,2023-02-16 0:00:00,16022023B,2023-02-16 0:00:00,1000,yhkti,0
529,793947,1,1,2023-10-21 0:00:00,Test prod 21102023,2023-10-21 0:00:00,1500,test 21102023,0
529,793947,1,1,2023-10-21 0:00:00,Test prod 21102023,2023-10-21 0:00:00,1500,test 21102023,0
530,793947,1,1,2023-12-04 0:00:00,Test Claim Anki,2023-11-28 0:00:00,150,Expenses office,0
531,793947,1,1,2023-12-04 0:00:00,Test Claim Anki 2,2023-11-28 0:00:00,500,Test claim,0
532,4691,1,1,2024-01-19 0:00:00,Ade21102023,2023-10-21 0:00:00,10000,aa,0
533,793947,1,1,2024-01-19 0:00:00,Test inbox1,2023-01-02 0:00:00,550,Trip,0
534,809169,4,4,2023-12-04 0:00:00,30112023,2023-11-30 0:00:00,500,Travel,0
535,3797,1,1,2024-02-16 0:00:00,Claim with attachments,2022-06-10 0:00:00,1159,Claim with attachments,0
536,793947,1,1,2024-03-18 0:00:00,test status,2024-03-18 0:00:00,1500,test status,0
537,3797,1,1,2019-08-12 0:00:00,"Kurs Stavanger, Trondheim",2019-08-12 0:00:00,2000,Kurs,1
538,2468,2,2,2019-08-28 0:00:00,Seminar Son,2019-08-28 0:00:00,2000,fddf,1
539,3797,1,2,2019-08-26 0:00:00,Utlegg,2019-08-26 0:00:00,944,Fredrikstad,1
540,4320,3,1,2019-08-29 0:00:00,Mo i rana,2019-08-29 0:00:00,1500,oslo - Mo i rana,1
541,34072,1,1,2019-11-20 0:00:00,Travel to Helsinki,2019-11-14 0:00:00,1200,Oslo-Helsinki,1
542,4691,1,1,2022-10-01 0:00:00,e11,2022-10-01 0:00:00,100,e11,1
555,3797,1,1,2022-09-09 0:00:00,e11,2022-09-09 0:00:00,100,e11,1
556,3797,1,1,2022-09-02 0:00:00,e11,2022-09-02 0:00:00,100,e11,1
557,3797,1,1,2022-09-03 0:00:00,e11,2022-09-03 0:00:00,100,e11,1
558,3797,1,1,2022-09-04 0:00:00,e11,2022-09-04 0:00:00,100,e11,1
559,3797,1,1,2022-09-05 0:00:00,e11,2022-09-05 0:00:00,100,e11,1
560,3797,1,1,2022-09-06 0:00:00,e11,2022-09-06 0:00:00,100,e11,1
561,3797,1,1,2022-09-07 0:00:00,e11,2022-09-07 0:00:00,100,e11,1
562,3797,1,1,2022-09-08 0:00:00,e11,2022-09-08 0:00:00,100,e11,1
563,4691,1,1,2022-09-10 0:00:00,e11,2022-09-10 0:00:00,100,e11,1
564,4691,1,1,2022-09-11 0:00:00,e11,2022-09-11 0:00:00,100,e11,1
565,4691,1,1,2022-09-12 0:00:00,e11,2022-09-12 0:00:00,100,e11,1
566,4691,1,1,2022-09-13 0:00:00,e11,2022-09-13 0:00:00,100,e11,1
567,4691,1,1,2022-09-14 0:00:00,e11,2022-09-14 0:00:00,100,e11,1
568,4691,1,1,2022-09-15 0:00:00,e11,2022-09-15 0:00:00,100,e11,1
569,4691,1,1,2022-09-16 0:00:00,e11,2022-09-16 0:00:00,100,e11,1
570,4691,1,1,2022-09-17 0:00:00,e11,2022-09-17 0:00:00,100,e11,1
571,3797,1,1,2022-09-20 0:00:00,e11,2022-09-20 0:00:00,100,e11,1
572,3797,1,1,2022-09-21 0:00:00,e11,2022-09-21 0:00:00,100,e11,1
573,3797,1,1,2022-09-22 0:00:00,e11,2022-09-22 0:00:00,100,e11,1
574,3797,1,1,2022-09-23 0:00:00,e11,2022-09-23 0:00:00,100,e11,1
575,3797,1,1,2022-09-24 0:00:00,e11,2022-09-24 0:00:00,100,e11,1
576,3797,1,1,2022-09-25 0:00:00,e11,2022-09-25 0:00:00,100,e11,1
577,3797,1,1,2022-09-26 0:00:00,e11,2022-09-26 0:00:00,100,e11,1
578,3797,1,1,2022-09-27 0:00:00,e11,2022-09-27 0:00:00,100,e11,1
579,3797,1,1,2022-09-28 0:00:00,e11,2022-09-28 0:00:00,100,e11,1
580,3797,1,1,2022-09-29 0:00:00,e11,2022-09-29 0:00:00,100,e11,1
581,3797,1,1,2022-11-10 0:00:00,e11,2022-11-10 0:00:00,100,e11,1
582,3797,1,1,2022-11-11 0:00:00,e11,2022-11-11 0:00:00,100,e11,1
583,3797,1,1,2022-11-12 0:00:00,e11,2022-11-12 0:00:00,100,e11,1
584,3797,1,1,2022-11-13 0:00:00,e11,2022-11-13 0:00:00,100,e11,1
585,3797,1,1,2022-11-14 0:00:00,e11,2022-11-14 0:00:00,100,e11,1
586,3797,1,1,2022-11-15 0:00:00,e11,2022-11-15 0:00:00,100,e11,1
587,3797,1,1,2022-11-16 0:00:00,e11,2022-11-16 0:00:00,100,e11,1
588,3797,1,1,2022-11-17 0:00:00,e11,2022-11-17 0:00:00,100,e11,1
589,3797,1,1,2022-11-18 0:00:00,e11,2022-11-18 0:00:00,100,e11,1
590,3797,1,1,2022-11-19 0:00:00,e11,2022-11-19 0:00:00,100,e11,1
591,3797,1,1,2022-11-20 0:00:00,e11,2022-11-20 0:00:00,100,e11,1
592,3797,1,1,2022-10-10 0:00:00,e11,2022-10-10 0:00:00,100,e11,1
593,3797,1,1,2022-10-11 0:00:00,e11,2022-10-11 0:00:00,100,e11,1
594,3797,1,1,2022-10-12 0:00:00,e11,2022-10-12 0:00:00,100,e11,1
595,3797,1,1,2022-10-13 0:00:00,e11,2022-10-13 0:00:00,100,e11,1
596,3797,1,1,2022-10-14 0:00:00,e11,2022-10-14 0:00:00,100,e11,1
597,3797,1,1,2022-10-15 0:00:00,e11,2022-10-15 0:00:00,100,e11,1
598,3797,1,1,2022-10-16 0:00:00,e11,2022-10-16 0:00:00,100,e11,1
599,3797,1,1,2022-10-17 0:00:00,e11,2022-10-17 0:00:00,100,e11,1
600,3797,1,1,2022-10-18 0:00:00,e11,2022-10-18 0:00:00,100,e11,1
601,3797,1,1,2022-10-19 0:00:00,e11,2022-10-19 0:00:00,100,e11,1
602,3797,1,1,2022-10-20 0:00:00,e11,2022-10-20 0:00:00,100,e11,1
603,3797,1,1,2022-12-10 0:00:00,e11,2022-12-10 0:00:00,100,e11,1
604,3797,1,1,2022-12-11 0:00:00,e11,2022-12-11 0:00:00,100,e11,1
605,3797,1,1,2022-12-12 0:00:00,e11,2022-12-12 0:00:00,100,e11,1
606,3797,1,1,2022-12-13 0:00:00,e11,2022-12-13 0:00:00,100,e11,1
607,3797,1,1,2022-12-14 0:00:00,e11,2022-12-14 0:00:00,100,e11,1
608,3797,1,1,2022-12-15 0:00:00,e11,2022-12-15 0:00:00,100,e11,1
608,3797,1,1,2022-12-16 0:00:00,e11,2022-12-16 0:00:00,100,e11,1
609,3797,1,1,2022-12-17 0:00:00,e11,2022-12-17 0:00:00,100,e11,1
610,3797,1,1,2022-12-18 0:00:00,e11,2022-12-18 0:00:00,100,e11,1
611,3797,1,1,2022-12-19 0:00:00,e11,2022-12-19 0:00:00,100,e11,1
612,3797,1,1,2022-12-20 0:00:00,e11,2022-12-20 0:00:00,100,e11,1
613,3797,1,1,2019-08-12 0:00:00,"Kurs Stavanger, Trondheim",2019-08-12 0:00:00,1500,OSL-Stavanger,1
614,3797,1,2,2019-08-26 0:00:00,Utlegg,2019-08-26 0:00:00,50,jioj,1
615,4320,3,1,2019-08-29 0:00:00,Mo i rana,2019-08-29 0:00:00,1200,Mo i rana,1